Timestamp,Setpoint,Lux,Slack,Intensity,Counter,WattUsage
13:32:04:404,487,506,15,181,0,5.14
13:32:04:917,487,506,15,180,1,5.08
13:32:05:434,487,676,15,179,2,5.03
13:32:05:950,487,669,15,178,3,4.97
13:32:06:458,487,664,15,177,4,4.92
13:32:06:967,487,658,15,176,5,4.87
13:32:07:478,487,654,15,175,6,4.82
13:32:07:986,487,648,15,174,7,4.77
13:32:08:500,487,642,15,173,8,4.71
13:32:09:013,487,637,15,172,9,4.66
13:32:09:527,487,630,15,171,10,4.61
13:32:10:040,487,625,15,170,11,4.57
13:32:10:555,487,619,15,169,12,4.52
13:32:11:070,487,615,15,168,13,4.47
13:32:11:585,487,610,15,167,14,4.42
13:32:12:095,487,606,15,166,15,4.37
13:32:12:612,487,602,15,165,16,4.33
13:32:13:128,487,599,15,164,17,4.28
13:32:13:640,487,596,15,163,18,4.24
13:32:14:154,487,592,15,162,19,4.19
13:32:14:667,487,588,15,161,20,4.15
13:32:15:182,487,584,15,160,21,4.1
13:32:15:695,487,580,15,159,22,4.06
13:32:16:211,487,577,15,158,23,4.01
13:32:16:727,487,573,15,157,24,3.97
13:32:17:246,487,568,15,156,25,3.93
13:32:17:757,487,569,15,155,26,3.89
13:32:18:270,487,564,15,154,27,3.85
13:32:18:783,487,561,15,153,28,3.8
13:32:19:293,487,552,15,152,29,3.76
13:32:19:810,487,553,15,151,30,3.72
13:32:20:322,487,549,15,150,31,3.68
13:32:20:834,487,546,15,149,32,3.64
13:32:21:347,487,545,15,148,33,3.61
13:32:21:857,487,542,15,147,34,3.57
13:32:22:371,487,541,15,146,35,3.53
13:32:22:888,487,537,15,145,36,3.49
13:32:23:403,487,535,15,144,37,3.45
13:32:23:916,487,529,15,143,38,3.42
13:32:24:430,487,524,15,142,39,3.38
13:32:24:944,487,523,15,141,40,3.35
13:32:25:462,487,518,15,140,41,3.31
13:32:25:981,487,515,15,139,42,3.27
13:32:26:495,487,512,15,138,43,3.24
13:32:27:008,487,510,15,137,44,3.2
13:32:29:026,487,503,15,136,45,3.17
13:32:36:560,487,466,15,137,46,3.2
13:32:37:075,487,453,15,138,47,3.24
13:32:37:586,487,438,15,139,48,3.27
13:32:38:098,487,428,15,140,49,3.31
13:32:38:610,487,416,15,141,50,3.35
13:32:39:125,487,397,15,142,51,3.38
13:32:39:634,487,397,15,143,52,3.42
13:32:40:142,487,400,15,144,53,3.45
13:32:40:650,487,403,15,145,54,3.49
13:32:41:164,487,404,15,146,55,3.53
13:32:41:677,487,408,15,147,56,3.57
13:32:42:190,487,416,15,148,57,3.61
13:32:42:695,487,419,15,149,58,3.64
13:32:43:200,487,422,15,150,59,3.68
13:32:43:707,487,426,15,151,60,3.72
13:32:44:218,487,428,15,152,61,3.76
13:32:44:730,487,431,15,153,62,3.8
13:32:45:239,487,434,15,154,63,3.85
13:32:45:754,487,438,15,155,64,3.89
13:32:46:266,487,442,15,156,65,3.93
13:32:46:778,487,445,15,157,66,3.97
13:32:47:294,487,450,15,158,67,4.01
13:32:47:810,487,454,15,159,68,4.06
13:32:48:325,487,442,15,160,69,4.1
13:32:48:837,487,435,15,161,70,4.15
13:32:49:353,487,430,15,162,71,4.19
13:32:49:867,487,434,15,163,72,4.24
13:32:50:378,487,438,15,164,73,4.28
13:32:50:892,487,442,15,165,74,4.33
13:32:51:405,487,446,15,166,75,4.37
13:32:51:917,487,450,15,167,76,4.42
13:32:52:433,487,453,15,168,77,4.47
13:32:52:947,487,457,15,169,78,4.52
13:32:53:455,487,461,15,170,79,4.57
13:32:53:967,487,466,15,171,80,4.61
13:32:58:998,487,468,15,172,81,4.66
13:32:59:514,487,465,15,173,82,4.71
13:33:00:029,487,460,15,174,83,4.77
13:33:00:549,487,464,15,175,84,4.82
13:33:01:063,487,470,15,176,85,4.87
13:33:09:605,487,465,15,177,86,4.92
13:33:10:119,487,465,15,178,87,4.97
13:33:10:631,487,470,15,179,88,5.03
13:33:17:658,487,504,15,178,89,4.97
13:33:18:173,487,508,15,177,90,4.92
13:33:18:688,487,515,15,176,91,4.87
13:33:19:202,487,511,15,175,92,4.82
13:33:19:713,487,504,15,174,93,4.77
13:33:27:749,487,646,15,173,94,4.71
13:33:28:266,487,642,15,172,95,4.66
13:33:28:780,487,638,15,171,96,4.61
13:33:29:287,487,635,15,170,97,4.57
13:33:29:798,487,635,15,169,98,4.52
13:33:30:310,487,631,15,168,99,4.47
13:33:30:825,487,630,15,167,100,4.42
13:33:31:339,487,627,15,166,101,4.37
13:33:31:850,487,623,15,165,102,4.33
13:33:32:361,487,619,15,164,103,4.28
13:33:32:876,487,618,15,163,104,4.24
13:33:33:391,487,612,15,162,105,4.19
13:33:33:898,487,608,15,161,106,4.15
13:33:34:415,487,604,15,160,107,4.1
13:33:34:927,487,602,15,159,108,4.06
13:33:35:443,487,596,15,158,109,4.01
13:33:35:958,487,592,15,157,110,3.97
13:33:36:473,487,589,15,156,111,3.93
13:33:36:986,487,587,15,155,112,3.89
13:33:37:496,487,583,15,154,113,3.85
13:33:38:008,487,577,15,153,114,3.8
13:33:38:527,487,577,15,152,115,3.76
13:33:39:045,487,572,15,151,116,3.72
13:33:39:558,487,568,15,150,117,3.68
13:33:40:073,487,565,15,149,118,3.64
13:33:40:592,487,562,15,148,119,3.61
13:33:41:108,487,558,15,147,120,3.57
13:33:41:622,487,557,15,146,121,3.53
13:33:42:130,487,554,15,145,122,3.49
13:33:42:643,487,552,15,144,123,3.45
13:33:43:156,487,546,15,143,124,3.42
13:33:43:672,487,542,15,142,125,3.38
13:33:44:186,487,539,15,141,126,3.35
13:33:44:698,487,535,15,140,127,3.31
13:33:45:213,487,531,15,139,128,3.27
13:33:45:720,487,527,15,138,129,3.24
13:33:46:232,487,526,15,137,130,3.2
13:33:46:748,487,519,15,136,131,3.17
13:33:47:262,487,514,15,135,132,3.14
13:33:47:774,487,511,15,134,133,3.1
13:33:48:290,487,508,15,133,134,3.07
13:33:48:802,487,507,15,132,135,3.04
13:33:52:824,487,503,15,131,136,3.01
13:34:04:374,487,503,15,130,137,2.97
13:34:15:421,487,503,15,129,138,2.94
13:34:22:456,487,453,15,130,139,2.97
13:34:22:972,487,460,15,131,140,3.01
13:34:24:986,487,400,15,132,141,3.04
13:34:25:498,487,391,15,133,142,3.07
13:34:26:013,487,506,15,132,143,3.04
13:34:26:529,487,503,15,131,144,3.01
13:34:30:061,487,990,15,130,145,2.97
13:34:30:573,487,1637,15,129,146,2.94
13:34:31:087,487,1634,15,128,147,2.91
13:34:31:602,487,1623,15,127,148,2.88
13:34:32:116,487,1620,15,126,149,2.85
13:34:32:630,487,1616,15,125,150,2.82
13:34:33:145,487,1615,15,124,151,2.79
13:34:33:655,487,1611,15,123,152,2.76
13:34:34:167,487,1606,15,122,153,2.73
13:34:34:678,487,1604,15,121,154,2.7
13:34:35:189,487,1601,15,120,155,2.67
13:34:35:703,487,1599,15,119,156,2.64
13:34:36:220,487,1551,15,118,157,2.61
13:34:36:732,487,1583,15,117,158,2.59
13:34:37:245,487,1589,15,116,159,2.56
13:34:37:756,487,863,15,115,160,2.53
13:34:38:269,487,1068,15,114,161,2.5
13:34:38:782,487,1673,15,113,162,2.48
13:34:39:294,487,1583,15,112,163,2.45
13:34:39:807,487,1884,15,111,164,2.42
13:34:40:323,487,1810,15,110,165,2.4
13:34:40:834,487,1804,15,109,166,2.37
13:34:41:347,487,1802,15,108,167,2.35
13:34:41:859,487,1796,15,107,168,2.32
13:34:42:373,487,1799,15,106,169,2.3
13:34:42:890,487,1787,15,105,170,2.27
13:34:43:407,487,1785,15,104,171,2.25
13:34:43:920,487,1784,15,103,172,2.23
13:34:44:431,487,1783,15,102,173,2.2
13:34:44:942,487,1779,15,101,174,2.18
13:34:45:456,487,1779,15,100,175,2.16
13:34:45:972,487,1775,15,99,176,2.13
13:34:46:485,487,1772,15,98,177,2.11
13:34:47:001,487,1772,15,97,178,2.09
13:34:47:514,487,1769,15,96,179,2.06
13:34:48:024,487,1768,15,95,180,2.04
13:34:48:540,487,1768,15,94,181,2.02
13:34:49:056,487,1767,15,93,182,2
13:34:49:566,487,1760,15,92,183,1.98
13:34:50:079,487,1756,15,91,184,1.96
13:34:50:595,487,1754,15,90,185,1.94
13:34:51:113,487,1752,15,89,186,1.92
13:34:51:630,487,1752,15,88,187,1.89
13:34:52:149,487,1749,15,87,188,1.87
13:34:52:665,487,1748,15,86,189,1.85
13:34:53:176,487,1746,15,85,190,1.83
13:34:53:689,487,1744,15,84,191,1.82
13:34:54:204,487,1744,15,83,192,1.8
13:34:54:721,487,1742,15,82,193,1.78
13:34:55:235,487,1738,15,81,194,1.76
13:34:55:752,487,1733,15,80,195,1.74
13:34:56:272,487,1731,15,79,196,1.72
13:34:56:787,487,1730,15,78,197,1.7
13:34:57:299,487,1727,15,77,198,1.68
13:34:57:817,487,1727,15,76,199,1.67
13:34:58:332,487,1725,15,75,200,1.65
13:34:58:840,487,1723,15,74,201,1.63
13:34:59:356,487,1725,15,73,202,1.61
13:34:59:874,487,1721,15,72,203,1.6
13:35:00:386,487,1716,15,71,204,1.58
13:35:00:898,487,1716,15,70,205,1.56
13:35:01:413,487,1712,15,69,206,1.55
13:35:01:925,487,1710,15,68,207,1.53
13:35:02:436,487,1710,15,67,208,1.51
13:35:02:948,487,1707,15,66,209,1.5
13:35:03:458,487,1708,15,65,210,1.48
13:35:03:968,487,1707,15,64,211,1.46
13:35:04:484,487,1707,15,63,212,1.45
13:35:04:998,487,1700,15,62,213,1.43
13:35:05:509,487,1700,15,61,214,1.42
13:35:06:030,487,1700,15,60,215,1.4
13:35:06:545,487,1698,15,59,216,1.39
13:35:07:060,487,1696,15,58,217,1.37
13:35:07:576,487,1695,15,57,218,1.36
13:35:08:087,487,1693,15,56,219,1.34
13:35:08:604,487,1614,15,55,220,1.33
13:35:09:114,487,1641,15,54,221,1.32
13:35:09:625,487,1643,15,53,222,1.3
13:35:10:140,487,1643,15,52,223,1.29
13:35:10:656,487,1669,15,51,224,1.27
13:35:11:170,487,1664,15,50,225,1.26
13:35:11:685,487,1595,15,49,226,1.25
13:35:12:194,487,860,15,48,227,1.23
13:35:12:707,487,312,15,49,228,1.25
13:35:13:219,487,317,15,50,229,1.26
13:35:13:734,487,309,15,51,230,1.27
13:35:14:247,487,312,15,52,231,1.29
13:35:14:754,487,347,15,53,232,1.3
13:35:15:267,487,349,15,54,233,1.32
13:35:15:781,487,351,15,55,234,1.33
13:35:16:290,487,351,15,56,235,1.34
13:35:16:798,487,353,15,57,236,1.36
13:35:17:308,487,351,15,58,237,1.37
13:35:17:821,487,354,15,59,238,1.39
13:35:18:335,487,358,15,60,239,1.4
13:35:18:844,487,359,15,61,240,1.42
13:35:19:356,487,361,15,62,241,1.43
13:35:19:867,487,362,15,63,242,1.45
13:35:20:382,487,363,15,64,243,1.46
13:35:20:895,487,363,15,65,244,1.48
13:35:21:411,487,366,15,66,245,1.5
13:35:21:926,487,368,15,67,246,1.51
13:35:22:435,487,372,15,68,247,1.53
13:35:22:947,487,372,15,69,248,1.55
13:35:23:458,487,373,15,70,249,1.56
13:35:23:973,487,376,15,71,250,1.58
13:35:24:483,487,377,15,72,251,1.6
13:35:24:995,487,377,15,73,252,1.61
13:35:25:515,487,377,15,74,253,1.63
13:35:26:030,487,378,15,75,254,1.65
13:35:26:547,487,380,15,76,255,1.67
13:35:27:062,487,384,15,77,256,1.68
13:35:27:572,487,386,15,78,257,1.7
13:35:28:084,487,389,15,79,258,1.72
13:35:28:598,487,391,15,80,259,1.74
13:35:29:119,487,392,15,81,260,1.76
13:35:29:635,487,393,15,82,261,1.78
13:35:30:153,487,395,15,83,262,1.8
13:35:30:670,487,395,15,84,263,1.82
13:35:31:185,487,396,15,85,264,1.83
13:35:31:698,487,401,15,86,265,1.85
13:35:32:208,487,404,15,87,266,1.87
13:35:32:725,487,407,15,88,267,1.89
13:35:33:238,487,408,15,89,268,1.92
13:35:33:756,487,411,15,90,269,1.94
13:35:34:294,487,412,15,91,270,1.96
13:35:34:805,487,414,15,92,271,1.98
13:35:35:317,487,415,15,93,272,2
13:35:35:832,487,416,15,94,273,2.02
13:35:36:345,487,418,15,95,274,2.04
13:36:14:295,403,386,15,85,275,1.83
13:36:19:834,403,377,15,86,276,1.85
13:36:20:356,403,368,15,87,277,1.87
13:36:20:868,403,357,15,88,278,1.89
13:36:21:381,403,339,15,89,279,1.92
13:36:21:897,403,322,15,90,280,1.94
13:36:22:413,403,308,15,91,281,1.96
13:36:22:923,403,290,15,92,282,1.98
13:36:23:434,403,276,15,93,283,2
13:36:23:946,403,271,15,94,284,2.02
13:36:24:461,403,274,15,95,285,2.04
13:36:24:972,403,276,15,96,286,2.06
13:36:25:487,403,280,15,97,287,2.09
13:36:25:996,403,284,15,98,288,2.11
13:36:26:510,403,285,15,99,289,2.13
13:36:27:022,403,288,15,100,290,2.16
13:36:27:532,403,220,15,101,291,2.18
13:36:28:044,403,200,15,102,292,2.2
13:36:28:557,403,200,15,103,293,2.23
13:36:29:068,403,202,15,104,294,2.25
13:36:29:584,403,204,15,105,295,2.27
13:36:30:099,403,205,15,106,296,2.3
13:36:30:613,403,205,15,107,297,2.32
13:36:31:129,403,208,15,108,298,2.35
13:36:31:640,403,212,15,109,299,2.37
13:36:32:153,403,219,15,110,300,2.4
13:36:32:663,403,224,15,111,301,2.42
13:36:33:174,403,227,15,112,302,2.45
13:36:33:689,403,230,15,113,303,2.48
13:36:34:204,403,232,15,114,304,2.5
13:36:34:715,403,234,15,115,305,2.53
13:36:35:225,403,236,15,116,306,2.56
13:36:35:738,403,236,15,117,307,2.59
13:36:36:253,403,238,15,118,308,2.61
13:36:36:764,403,238,15,119,309,2.64
13:36:37:274,403,239,15,120,310,2.67
13:36:37:788,403,240,15,121,311,2.7
13:36:38:300,403,242,15,122,312,2.73
13:36:38:814,403,244,15,123,313,2.76
13:36:39:326,403,246,15,124,314,2.79
13:36:39:836,403,250,15,125,315,2.82
13:36:40:349,403,253,15,126,316,2.85
13:36:40:857,403,257,15,127,317,2.88
13:36:41:372,403,259,15,128,318,2.91
13:36:41:887,403,262,15,129,319,2.94
13:36:42:405,403,266,15,130,320,2.97
13:36:42:920,403,267,15,131,321,3.01
13:36:43:431,403,271,15,132,322,3.04
13:36:43:942,403,274,15,133,323,3.07
13:36:44:450,403,278,15,134,324,3.1
13:36:44:957,403,281,15,135,325,3.14
13:36:45:466,403,285,15,136,326,3.17
13:36:45:973,403,289,15,137,327,3.2
13:36:46:486,403,292,15,138,328,3.24
13:36:46:994,403,297,15,139,329,3.27
13:36:47:504,403,301,15,140,330,3.31
13:36:48:017,403,343,15,141,331,3.35
13:36:48:535,403,535,15,140,332,3.31
13:36:49:050,403,538,15,139,333,3.27
13:36:49:561,403,535,15,138,334,3.24
13:36:50:073,403,533,15,137,335,3.2
13:36:50:581,403,529,15,136,336,3.17
13:36:51:095,403,526,15,135,337,3.14
13:36:51:607,403,519,15,134,338,3.1
13:36:52:118,403,516,15,133,339,3.07
13:36:52:633,403,512,15,132,340,3.04
13:36:53:153,403,508,15,131,341,3.01
13:36:53:660,403,506,15,130,342,2.97
13:36:54:168,403,503,15,129,343,2.94
13:36:54:683,403,500,15,128,344,2.91
13:36:55:197,403,497,15,127,345,2.88
13:36:55:708,403,493,15,126,346,2.85
13:36:56:218,403,492,15,125,347,2.82
13:36:56:725,403,488,15,124,348,2.79
13:36:57:238,403,485,15,123,349,2.76
13:36:57:750,403,481,15,122,350,2.73
13:36:58:268,403,478,15,121,351,2.7
13:36:58:783,403,477,15,120,352,2.67
13:36:59:295,403,476,15,119,353,2.64
13:36:59:804,403,470,15,118,354,2.61
13:37:00:315,403,469,15,117,355,2.59
13:37:00:827,403,469,15,116,356,2.56
13:37:01:341,403,468,15,115,357,2.53
13:37:01:859,403,468,15,114,358,2.5
13:37:02:371,403,468,15,113,359,2.48
13:37:02:881,403,468,15,112,360,2.45
13:37:03:394,403,465,15,111,361,2.42
13:37:03:905,403,461,15,110,362,2.4
13:37:04:417,403,458,15,109,363,2.37
13:37:04:933,403,454,15,108,364,2.35
13:37:05:448,403,451,15,107,365,2.32
13:37:05:958,403,449,15,106,366,2.3
13:37:06:472,403,446,15,105,367,2.27
13:37:06:989,403,441,15,104,368,2.25
13:37:07:503,403,438,15,103,369,2.23
13:37:08:015,403,438,15,102,370,2.2
13:37:08:523,403,435,15,101,371,2.18
13:37:09:030,403,432,15,100,372,2.16
13:37:09:539,403,430,15,99,373,2.13
13:37:10:045,403,428,15,98,374,2.11
13:37:10:559,403,427,15,97,375,2.09
13:37:11:076,403,424,15,96,376,2.06
13:37:11:590,403,423,15,95,377,2.04
13:37:12:101,403,420,15,94,378,2.02
13:37:12:617,403,422,15,93,379,2
13:37:13:136,403,419,15,92,380,1.98
13:37:24:198,403,381,15,93,381,2
13:37:24:713,403,357,15,94,382,2.02
13:37:25:225,403,345,15,95,383,2.04
13:37:25:735,403,332,15,96,384,2.06
13:37:26:248,403,320,15,97,385,2.09
13:37:26:760,403,301,15,98,386,2.11
13:37:27:270,403,288,15,99,387,2.13
13:37:27:778,403,274,15,100,388,2.16
13:37:28:293,403,258,15,101,389,2.18
13:37:28:805,403,248,15,102,390,2.2
13:37:29:316,403,239,15,103,391,2.23
13:37:29:828,403,236,15,104,392,2.25
13:37:30:339,403,238,15,105,393,2.27
13:37:30:851,403,240,15,106,394,2.3
13:37:31:362,403,242,15,107,395,2.32
13:37:31:873,403,243,15,108,396,2.35
13:37:32:382,403,246,15,109,397,2.37
13:37:32:892,403,257,15,110,398,2.4
13:37:33:400,403,258,15,111,399,2.42
13:37:33:910,403,262,15,112,400,2.45
13:37:34:426,403,265,15,113,401,2.48
13:37:34:943,403,269,15,114,402,2.5
13:37:35:454,403,270,15,115,403,2.53
13:37:35:967,403,271,15,116,404,2.56
13:37:36:483,403,271,15,117,405,2.59
13:37:36:997,403,273,15,118,406,2.61
13:37:37:509,403,273,15,119,407,2.64
13:37:38:017,403,274,15,120,408,2.67
13:37:38:530,403,277,15,121,409,2.7
13:37:39:040,403,278,15,122,410,2.73
13:37:39:550,403,280,15,123,411,2.76
13:37:40:062,403,280,15,124,412,2.79
13:37:40:579,403,284,15,125,413,2.82
13:37:41:093,403,288,15,126,414,2.85
13:37:41:604,403,290,15,127,415,2.88
13:37:42:116,403,293,15,128,416,2.91
13:37:42:629,403,296,15,129,417,2.94
13:37:43:146,403,300,15,130,418,2.97
13:37:43:657,403,303,15,131,419,3.01
13:37:44:168,403,304,15,132,420,3.04
13:37:44:680,403,308,15,133,421,3.07
13:37:45:189,403,312,15,134,422,3.1
13:37:45:703,403,316,15,135,423,3.14
13:37:46:210,403,319,15,136,424,3.17
13:37:46:723,403,323,15,137,425,3.2
13:37:47:238,403,323,15,138,426,3.24
13:37:47:750,403,313,15,139,427,3.27
13:37:48:261,403,312,15,140,428,3.31
13:37:48:774,403,315,15,141,429,3.35
13:37:49:286,403,319,15,142,430,3.38
13:37:49:795,403,322,15,143,431,3.42
13:37:50:307,403,326,15,144,432,3.45
13:37:50:819,403,328,15,145,433,3.49
13:37:51:334,403,331,15,146,434,3.53
13:37:51:849,403,331,15,147,435,3.57
13:37:52:359,403,336,15,148,436,3.61
13:37:52:867,403,343,15,149,437,3.64
13:37:53:375,403,347,15,150,438,3.68
13:37:53:882,403,350,15,151,439,3.72
13:37:54:389,403,353,15,152,440,3.76
13:37:54:898,403,357,15,153,441,3.8
13:37:55:410,403,359,15,154,442,3.85
13:37:55:925,403,363,15,155,443,3.89
13:37:56:438,403,368,15,156,444,3.93
13:37:56:949,403,370,15,157,445,3.97
13:37:57:460,403,374,15,158,446,4.01
13:37:57:973,403,377,15,159,447,4.06
13:37:58:487,403,381,15,160,448,4.1
13:37:58:999,403,384,15,161,449,4.15
13:38:01:018,403,381,15,162,450,4.19
13:38:01:532,403,385,15,163,451,4.24
13:38:11:069,403,386,15,164,452,4.28
13:38:22:128,403,608,15,163,453,4.24
13:38:22:640,403,603,15,162,454,4.19
13:38:23:165,403,598,15,161,455,4.15
13:38:23:678,403,595,15,160,456,4.1
13:38:24:188,403,591,15,159,457,4.06
13:38:24:698,403,581,15,158,458,4.01
13:38:25:213,403,576,15,157,459,3.97
13:38:25:730,403,570,15,156,460,3.93
13:38:26:247,403,556,15,155,461,3.89
13:38:26:758,403,546,15,154,462,3.85
13:38:27:269,403,535,15,153,463,3.8
13:38:27:782,403,527,15,152,464,3.76
13:38:28:295,403,518,15,151,465,3.72
13:38:28:804,403,507,15,150,466,3.68
13:38:29:313,403,499,15,149,467,3.64
13:38:29:827,403,489,15,148,468,3.61
13:38:30:336,403,480,15,147,469,3.57
13:38:30:846,403,470,15,146,470,3.53
13:38:31:355,403,461,15,145,471,3.49
13:38:31:864,403,453,15,144,472,3.45
13:38:32:372,403,441,15,143,473,3.42
13:38:32:882,403,430,15,142,474,3.38
13:38:36:402,403,384,15,143,475,3.42
13:38:36:914,403,381,15,144,476,3.45
13:38:37:429,403,378,15,145,477,3.49
13:38:37:945,403,376,15,146,478,3.53
13:38:38:457,403,374,15,147,479,3.57
13:38:38:970,403,374,15,148,480,3.61
13:38:39:480,403,376,15,149,481,3.64
13:38:39:990,403,377,15,150,482,3.68
13:38:40:508,403,377,15,151,483,3.72
13:38:41:023,403,377,15,152,484,3.76
13:38:41:539,403,376,15,153,485,3.8
13:38:42:054,403,377,15,154,486,3.85
13:38:42:564,403,376,15,155,487,3.89
13:38:43:075,403,377,15,156,488,3.93
13:38:43:582,403,377,15,157,489,3.97
13:38:44:093,403,381,15,158,490,4.01
13:38:44:604,403,385,15,159,491,4.06
13:38:45:609,403,464,15,158,492,4.01
13:38:46:115,403,583,15,157,493,3.97
13:38:46:624,403,580,15,156,494,3.93
13:38:47:134,403,579,15,155,495,3.89
13:38:47:639,403,577,15,154,496,3.85
13:38:48:145,403,579,15,153,497,3.8
13:38:48:651,403,577,15,152,498,3.76
13:38:49:162,403,573,15,151,499,3.72
13:38:49:669,403,572,15,150,500,3.68
13:38:50:180,403,568,15,149,501,3.64
13:38:50:696,403,568,15,148,502,3.61
13:38:51:210,403,564,15,147,503,3.57
13:38:51:719,403,561,15,146,504,3.53
13:38:52:232,403,558,15,145,505,3.49
13:38:52:742,403,556,15,144,506,3.45
13:38:53:253,403,547,15,143,507,3.42
13:38:53:763,403,545,15,142,508,3.38
13:38:54:276,403,541,15,141,509,3.35
13:38:54:787,403,538,15,140,510,3.31
13:38:55:300,403,534,15,139,511,3.27
13:38:55:812,403,530,15,138,512,3.24
13:38:56:325,403,527,15,137,513,3.2
13:38:56:832,403,523,15,136,514,3.17
13:38:57:345,403,518,15,135,515,3.14
13:38:57:858,403,514,15,134,516,3.1
13:38:58:369,403,511,15,133,517,3.07
13:38:58:882,403,507,15,132,518,3.04
13:38:59:392,403,504,15,131,519,3.01
13:38:59:903,403,500,15,130,520,2.97
13:39:00:415,403,497,15,129,521,2.94
13:39:00:928,403,497,15,128,522,2.91
13:39:01:441,403,492,15,127,523,2.88
13:39:01:953,403,488,15,126,524,2.85
13:39:02:466,403,487,15,125,525,2.82
13:39:02:978,403,484,15,124,526,2.79
13:39:03:492,403,481,15,123,527,2.76
13:39:04:005,403,478,15,122,528,2.73
13:39:04:518,403,477,15,121,529,2.7
13:39:05:028,403,472,15,120,530,2.67
13:39:05:540,403,472,15,119,531,2.64
13:39:06:052,403,469,15,118,532,2.61
13:39:06:558,403,469,15,117,533,2.59
13:39:07:067,403,468,15,116,534,2.56
13:39:07:577,403,468,15,115,535,2.53
13:39:08:087,403,466,15,114,536,2.5
13:39:08:595,403,466,15,113,537,2.48
13:39:09:104,403,464,15,112,538,2.45
13:39:09:618,403,462,15,111,539,2.42
13:39:10:133,403,458,15,110,540,2.4
13:39:10:643,403,453,15,109,541,2.37
13:39:11:152,403,450,15,108,542,2.35
13:39:11:660,403,447,15,107,543,2.32
13:39:12:169,403,445,15,106,544,2.3
13:39:12:679,403,442,15,105,545,2.27
13:39:13:188,403,434,15,104,546,2.25
13:39:13:699,403,432,15,103,547,2.23
13:39:14:208,403,431,15,102,548,2.2
13:39:14:717,403,428,15,101,549,2.18
13:39:15:226,403,426,15,100,550,2.16
13:39:15:737,403,424,15,99,551,2.13
13:39:16:250,403,423,15,98,552,2.11
13:39:16:761,403,422,15,97,553,2.09
13:39:17:273,403,419,15,96,554,2.06
13:39:20:293,403,419,15,95,555,2.04
13:39:21:314,403,419,15,94,556,2.02
13:40:32:575,403,373,15,95,557,2.04
13:40:33:085,403,361,15,96,558,2.06
13:40:33:596,403,351,15,97,559,2.09
13:40:34:111,403,338,15,98,560,2.11
13:40:34:622,403,320,15,99,561,2.13
13:40:35:134,403,307,15,100,562,2.16
13:40:35:645,403,293,15,101,563,2.18
13:40:36:157,403,271,15,102,564,2.2
13:40:36:669,403,266,15,103,565,2.23
13:40:37:176,403,270,15,104,566,2.25
13:40:37:683,403,271,15,105,567,2.27
13:40:38:196,403,271,15,106,568,2.3
13:40:38:713,403,274,15,107,569,2.32
13:40:39:225,403,276,15,108,570,2.35
13:40:39:735,403,280,15,109,571,2.37
13:40:40:244,403,288,15,110,572,2.4
13:40:40:756,403,292,15,111,573,2.42
13:40:41:265,403,293,15,112,574,2.45
13:40:41:775,403,297,15,113,575,2.48
13:40:42:285,403,301,15,114,576,2.5
13:40:42:793,403,301,15,115,577,2.53
13:40:43:305,403,301,15,116,578,2.56
13:40:43:814,403,304,15,117,579,2.59
13:40:44:324,403,305,15,118,580,2.61
13:40:44:835,403,305,15,119,581,2.64
13:40:45:343,403,307,15,120,582,2.67
13:40:45:852,403,308,15,121,583,2.7
13:40:46:361,403,309,15,122,584,2.73
13:40:46:872,403,309,15,123,585,2.76
13:40:47:380,403,313,15,124,586,2.79
13:40:47:893,403,316,15,125,587,2.82
13:40:48:412,403,320,15,126,588,2.85
13:40:48:922,403,323,15,127,589,2.88
13:40:49:435,403,326,15,128,590,2.91
13:40:49:949,403,328,15,129,591,2.94
13:40:50:457,403,331,15,130,592,2.97
13:40:50:968,403,335,15,131,593,3.01
13:40:51:484,403,335,15,132,594,3.04
13:40:51:996,403,342,15,133,595,3.07
13:40:52:507,403,345,15,134,596,3.1
13:40:53:013,403,346,15,135,597,3.14
13:40:53:519,403,350,15,136,598,3.17
13:40:54:036,403,355,15,137,599,3.2
13:40:54:551,403,358,15,138,600,3.24
13:40:55:065,403,363,15,139,601,3.27
13:40:55:575,403,366,15,140,602,3.31
13:40:56:085,403,372,15,141,603,3.35
13:40:56:592,403,373,15,142,604,3.38
13:40:57:098,403,378,15,143,605,3.42
13:40:57:611,403,382,15,144,606,3.45
13:40:58:125,403,385,15,145,607,3.49
13:41:01:138,403,386,15,146,608,3.53
13:41:01:652,403,374,15,147,609,3.57
13:41:02:165,403,372,15,148,610,3.61
13:41:02:681,403,369,15,149,611,3.64
13:41:03:193,403,362,15,150,612,3.68
13:41:03:702,403,357,15,151,613,3.72
13:41:04:208,403,351,15,152,614,3.76
13:41:04:717,403,353,15,153,615,3.8
13:41:05:225,403,354,15,154,616,3.85
13:41:05:740,403,359,15,155,617,3.89
13:41:06:252,403,363,15,156,618,3.93
13:41:06:764,403,365,15,157,619,3.97
13:41:07:278,403,368,15,158,620,4.01
13:41:07:791,403,374,15,159,621,4.06
13:41:08:298,403,377,15,160,622,4.1
13:41:08:807,403,381,15,161,623,4.15
13:41:09:317,403,385,15,162,624,4.19
13:41:21:879,403,423,15,161,625,4.15
13:41:22:390,403,430,15,160,626,4.1
13:41:22:897,403,437,15,159,627,4.06
13:41:23:406,403,446,15,158,628,4.01
13:41:23:921,403,445,15,157,629,3.97
13:41:24:434,403,439,15,156,630,3.93
13:41:24:951,403,434,15,155,631,3.89
13:41:25:461,403,431,15,154,632,3.85
13:41:25:972,403,427,15,153,633,3.8
13:41:26:488,403,424,15,152,634,3.76
13:41:27:002,403,420,15,151,635,3.72
13:41:30:522,403,427,15,150,636,3.68
13:41:31:035,403,437,15,149,637,3.64
13:41:31:545,403,450,15,148,638,3.61
13:41:32:060,403,465,15,147,639,3.57
13:41:32:572,403,483,15,146,640,3.53
13:41:33:079,403,497,15,145,641,3.49
13:41:33:593,403,506,15,144,642,3.45
13:41:34:106,403,512,15,143,643,3.42
13:41:34:615,403,527,15,142,644,3.38
13:41:35:129,403,529,15,141,645,3.35
13:41:35:643,403,524,15,140,646,3.31
13:41:36:154,403,520,15,139,647,3.27
13:41:36:661,403,518,15,138,648,3.24
13:41:37:171,403,511,15,137,649,3.2
13:41:37:684,403,507,15,136,650,3.17
13:41:38:194,403,503,15,135,651,3.14
13:41:38:705,403,497,15,134,652,3.1
13:41:39:217,403,495,15,133,653,3.07
13:41:39:724,403,492,15,132,654,3.04
13:41:40:232,403,488,15,131,655,3.01
13:41:40:744,403,485,15,130,656,2.97
13:41:41:253,403,483,15,129,657,2.94
13:41:41:766,403,480,15,128,658,2.91
13:41:42:279,403,476,15,127,659,2.88
13:41:42:789,403,473,15,126,660,2.85
13:41:43:303,403,470,15,125,661,2.82
13:41:43:814,403,468,15,124,662,2.79
13:41:44:322,403,465,15,123,663,2.76
13:41:44:832,403,461,15,122,664,2.73
13:41:45:342,403,460,15,121,665,2.7
13:41:45:851,403,457,15,120,666,2.67
13:41:46:361,403,455,15,119,667,2.64
13:41:46:874,403,454,15,118,668,2.61
13:41:47:389,403,454,15,117,669,2.59
13:41:47:903,403,453,15,116,670,2.56
13:41:48:414,403,451,15,115,671,2.53
13:41:48:923,403,451,15,114,672,2.5
13:41:49:434,403,449,15,113,673,2.48
13:41:49:947,403,449,15,112,674,2.45
13:41:50:464,403,446,15,111,675,2.42
13:41:50:973,403,442,15,110,676,2.4
13:41:51:480,403,439,15,109,677,2.37
13:41:51:992,403,437,15,108,678,2.35
13:41:52:505,403,432,15,107,679,2.32
13:41:53:010,403,428,15,106,680,2.3
13:41:53:520,403,428,15,105,681,2.27
13:41:54:033,403,424,15,104,682,2.25
13:41:54:546,403,419,15,103,683,2.23
13:41:55:555,403,419,15,102,684,2.2
13:41:58:573,403,386,15,103,685,2.23
13:42:02:593,403,783,15,102,686,2.2
13:42:03:110,403,1225,15,101,687,2.18
13:42:03:634,403,1229,15,100,688,2.16
13:42:04:146,403,1242,15,99,689,2.13
13:42:04:657,403,1240,15,98,690,2.11
13:42:05:170,403,1237,15,97,691,2.09
13:42:05:691,403,1237,15,96,692,2.06
13:42:06:205,403,1235,15,95,693,2.04
13:42:06:719,403,1232,15,94,694,2.02
13:42:07:227,403,1231,15,93,695,2
13:42:07:740,403,1229,15,92,696,1.98
13:42:08:250,403,1223,15,91,697,1.96
13:42:08:760,403,1221,15,90,698,1.94
13:42:09:272,403,1219,15,89,699,1.92
13:42:09:783,403,1216,15,88,700,1.89
13:42:10:296,403,1216,15,87,701,1.87
13:42:10:808,403,1213,15,86,702,1.85
13:42:11:323,403,1210,15,85,703,1.83
13:42:11:833,403,1208,15,84,704,1.82
13:42:12:346,403,1208,15,83,705,1.8
13:42:12:856,403,1205,15,82,706,1.78
13:42:13:362,403,1202,15,81,707,1.76
13:42:13:872,403,1198,15,80,708,1.74
13:42:14:388,403,1196,15,79,709,1.72
13:42:14:898,403,1193,15,78,710,1.7
13:42:15:409,403,1194,15,77,711,1.68
13:42:15:920,403,1190,15,76,712,1.67
13:42:16:432,403,1189,15,75,713,1.65
13:42:16:948,403,1189,15,74,714,1.63
13:42:17:464,403,1187,15,73,715,1.61
13:42:17:978,403,1187,15,72,716,1.6
13:42:18:490,403,1181,15,71,717,1.58
13:42:19:000,403,1179,15,70,718,1.56
13:42:19:509,403,1178,15,69,719,1.55
13:42:20:018,403,1175,15,68,720,1.53
13:42:20:541,403,1175,15,67,721,1.51
13:42:21:051,403,1173,15,66,722,1.5
13:42:21:561,403,1173,15,65,723,1.48
13:42:22:073,403,1171,15,64,724,1.46
13:42:22:582,403,1168,15,63,725,1.45
13:42:23:092,403,1164,15,62,726,1.43
13:42:23:605,403,1163,15,61,727,1.42
13:42:24:123,403,1162,15,60,728,1.4
13:42:24:636,403,1160,15,59,729,1.39
13:42:25:146,403,1162,15,58,730,1.37
13:42:25:654,403,1158,15,57,731,1.36
13:42:26:167,403,1159,15,56,732,1.34
13:42:26:678,403,1154,15,55,733,1.33
13:42:27:186,403,1152,15,54,734,1.32
13:42:27:703,403,1151,15,53,735,1.3
13:42:28:214,403,1148,15,52,736,1.29
13:42:28:724,403,1148,15,51,737,1.27
13:42:29:230,403,1147,15,50,738,1.26
13:42:29:745,403,1145,15,49,739,1.25
13:42:30:261,403,1141,15,48,740,1.23
13:42:30:774,403,1143,15,47,741,1.22
13:42:31:284,403,1140,15,46,742,1.21
13:42:31:795,403,1140,15,45,743,1.19
13:42:32:312,403,1139,15,44,744,1.18
13:42:32:829,403,1136,15,43,745,1.17
13:42:33:335,403,1136,15,42,746,1.16
13:42:33:842,403,1133,15,41,747,1.14
13:42:34:351,403,1132,15,40,748,1.13
13:42:34:857,403,1131,15,39,749,1.12
13:42:35:367,403,1129,15,38,750,1.11
13:42:35:878,403,1131,15,37,751,1.1
13:42:36:392,403,1128,15,36,752,1.08
13:42:36:905,403,1125,15,35,753,1.07
13:42:37:417,403,1127,15,34,754,1.06
13:42:37:926,403,1125,15,33,755,1.05
13:42:38:440,403,1125,15,32,756,1.04
13:42:38:946,403,1122,15,31,757,1.03
13:42:39:461,403,1120,15,30,758,1.02
13:42:39:971,403,1118,15,29,759,1.01
13:42:40:483,403,1117,15,28,760,1
13:42:40:994,403,1118,15,27,761,0.99
13:42:41:511,403,1117,15,26,762,0.97
13:42:42:028,403,1117,15,25,763,0.96
13:42:42:543,403,1116,15,24,764,0.95
13:42:43:058,403,1113,15,23,765,0.94
13:42:43:571,403,1113,15,22,766,0.93
13:42:44:084,403,1112,15,21,767,0.92
13:42:44:599,403,1112,15,20,768,0.91
13:42:45:112,403,1109,15,19,769,0.9
13:42:45:623,403,1108,15,18,770,0.89
13:42:46:137,403,1108,15,17,771,0.88
13:42:46:647,403,1106,15,16,772,0.88
13:42:47:152,403,1104,15,15,773,0.87
13:42:47:669,403,1104,15,14,774,0.86
13:42:48:182,403,1105,15,13,775,0.85
13:42:48:691,403,1102,15,12,776,0.84
13:42:49:206,403,1102,15,11,777,0.83
13:42:49:717,403,1101,15,10,778,0.82
13:42:50:223,403,1099,15,9,779,0.81
13:42:50:734,403,1098,15,8,780,0.8
13:42:51:245,403,1098,15,7,781,0.8
13:42:51:756,403,1095,15,6,782,0.79
13:42:52:269,403,1093,15,5,783,0.78
13:42:52:778,403,1094,15,4,784,0.77
13:42:53:292,403,1093,15,3,785,0.76
13:42:53:805,403,1091,15,2,786,0.75
13:42:54:317,403,1090,15,1,787,0.75
13:43:04:361,403,340,15,2,788,0.75
13:43:04:873,403,251,15,3,789,0.76
13:43:05:386,403,197,15,4,790,0.77
13:43:05:895,403,55,15,5,791,0.78
13:43:06:406,403,55,15,6,792,0.79
13:43:06:938,403,56,15,7,793,0.8
13:43:07:455,403,58,15,8,794,0.8
13:43:07:970,403,58,15,9,795,0.81
13:43:08:475,403,59,15,10,796,0.82
13:43:08:981,403,60,15,11,797,0.83
13:43:09:493,403,60,15,12,798,0.84
13:43:10:004,403,62,15,13,799,0.85
13:43:10:513,403,63,15,14,800,0.86
13:43:11:022,403,64,15,15,801,0.87
13:43:11:530,403,66,15,16,802,0.88
13:43:12:037,403,66,15,17,803,0.88
13:43:12:547,403,67,15,18,804,0.89
13:43:13:064,403,66,15,19,805,0.9
13:43:13:581,403,69,15,20,806,0.91
13:43:14:096,403,70,15,21,807,0.92
13:43:14:610,403,70,15,22,808,0.93
13:43:15:122,403,71,15,23,809,0.94
13:43:15:629,403,73,15,24,810,0.95
13:43:16:145,403,74,15,25,811,0.96
13:43:16:656,403,74,15,26,812,0.97
13:43:17:170,403,75,15,27,813,0.99
13:43:17:681,403,75,15,28,814,1
13:43:18:194,403,77,15,29,815,1.01
13:43:18:712,403,79,15,30,816,1.02
13:43:19:227,403,79,15,31,817,1.03
13:43:19:739,403,81,15,32,818,1.04
13:43:20:253,403,81,15,33,819,1.05
13:43:20:765,403,82,15,34,820,1.06
13:43:21:281,403,85,15,35,821,1.07
13:43:21:795,403,85,15,36,822,1.08
13:43:22:313,403,86,15,37,823,1.1
13:43:22:826,403,86,15,38,824,1.11
13:43:23:337,403,87,15,39,825,1.12
13:43:23:853,403,89,15,40,826,1.13
13:43:24:366,403,92,15,41,827,1.14
13:43:24:882,403,93,15,42,828,1.16
13:43:25:396,403,93,15,43,829,1.17
13:43:25:908,403,94,15,44,830,1.18
13:43:26:419,403,96,15,45,831,1.19
13:43:26:931,403,97,15,46,832,1.21
13:43:27:443,403,98,15,47,833,1.22
13:43:27:957,403,101,15,48,834,1.23
13:43:28:464,403,101,15,49,835,1.25
13:43:28:973,403,101,15,50,836,1.26
13:43:29:483,403,102,15,51,837,1.27
13:43:30:002,403,104,15,52,838,1.29
13:43:30:514,403,108,15,53,839,1.3
13:43:31:027,403,109,15,54,840,1.32
13:43:31:538,403,110,15,55,841,1.33
13:43:32:050,403,110,15,56,842,1.34
13:43:32:563,403,113,15,57,843,1.36
13:43:33:072,403,115,15,58,844,1.37
13:43:33:581,403,115,15,59,845,1.39
13:43:34:089,403,117,15,60,846,1.4
13:43:34:594,403,120,15,61,847,1.42
13:43:35:110,403,120,15,62,848,1.43
13:43:35:623,403,121,15,63,849,1.45
13:43:36:135,403,121,15,64,850,1.46
13:43:36:647,403,124,15,65,851,1.48
13:43:37:153,403,125,15,66,852,1.5
13:43:37:667,403,127,15,67,853,1.51
13:43:38:188,403,129,15,68,854,1.53
13:43:38:701,403,131,15,69,855,1.55
13:43:39:211,403,133,15,70,856,1.56
13:43:39:723,403,135,15,71,857,1.58
13:43:40:232,403,136,15,72,858,1.6
13:43:40:743,403,138,15,73,859,1.61
13:43:41:256,403,138,15,74,860,1.63
13:43:41:767,403,140,15,75,861,1.65
13:43:42:276,403,144,15,76,862,1.67
13:43:42:791,403,146,15,77,863,1.68
13:43:43:308,403,147,15,78,864,1.7
13:43:43:826,403,150,15,79,865,1.72
13:43:44:336,403,150,15,80,866,1.74
13:43:44:847,403,152,15,81,867,1.76
13:43:45:361,403,154,15,82,868,1.78
13:43:45:879,403,154,15,83,869,1.8
13:43:46:391,403,156,15,84,870,1.82
13:43:46:900,403,158,15,85,871,1.83
13:43:47:409,403,165,15,86,872,1.85
13:43:47:922,403,165,15,87,873,1.87
13:43:48:432,403,166,15,88,874,1.89
13:43:48:941,403,169,15,89,875,1.92
13:43:49:455,403,170,15,90,876,1.94
13:43:49:973,403,171,15,91,877,1.96
13:43:50:485,403,171,15,92,878,1.98
13:43:50:997,403,174,15,93,879,2
13:43:51:507,403,177,15,94,880,2.02
13:43:52:017,403,177,15,95,881,2.04
13:43:52:528,403,179,15,96,882,2.06
13:43:53:036,403,184,15,97,883,2.09
13:43:53:546,403,188,15,98,884,2.11
13:43:54:054,403,189,15,99,885,2.13
13:43:54:569,403,192,15,100,886,2.16
13:43:55:083,403,192,15,101,887,2.18
13:43:55:596,403,196,15,102,888,2.2
13:43:56:110,403,197,15,103,889,2.23
13:43:56:625,403,200,15,104,890,2.25
13:43:57:138,403,201,15,105,891,2.27
13:43:57:648,403,202,15,106,892,2.3
13:43:58:163,403,202,15,107,893,2.32
13:43:58:674,403,205,15,108,894,2.35
13:43:59:189,403,209,15,109,895,2.37
13:43:59:698,403,216,15,110,896,2.4
13:44:00:208,403,217,15,111,897,2.42
13:44:00:717,403,223,15,112,898,2.45
13:44:01:230,403,228,15,113,899,2.48
13:44:01:737,403,231,15,114,900,2.5
13:44:02:252,403,231,15,115,901,2.53
13:44:02:764,403,234,15,116,902,2.56
13:44:03:268,403,234,15,117,903,2.59
13:44:03:773,403,235,15,118,904,2.61
13:44:04:281,403,236,15,119,905,2.64
13:44:04:790,403,236,15,120,906,2.67
13:44:05:301,403,239,15,121,907,2.7
13:44:05:811,403,239,15,122,908,2.73
13:44:06:320,403,240,15,123,909,2.76
13:44:06:831,403,243,15,124,910,2.79
13:44:07:343,403,247,15,125,911,2.82
13:44:07:856,403,250,15,126,912,2.85
13:44:08:368,403,253,15,127,913,2.88
13:44:08:880,403,255,15,128,914,2.91
13:44:09:387,403,258,15,129,915,2.94
13:44:09:898,403,262,15,130,916,2.97
13:44:10:406,403,265,15,131,917,3.01
13:44:10:919,403,267,15,132,918,3.04
13:44:11:431,403,270,15,133,919,3.07
13:44:11:943,403,274,15,134,920,3.1
13:44:12:451,403,277,15,135,921,3.14
13:44:12:958,403,282,15,136,922,3.17
13:44:13:473,403,284,15,137,923,3.2
13:44:13:988,403,289,15,138,924,3.24
13:44:14:500,403,294,15,139,925,3.27
13:44:15:011,403,297,15,140,926,3.31
13:44:15:525,403,301,15,141,927,3.35
13:44:16:033,403,305,15,142,928,3.38
13:44:16:540,403,309,15,143,929,3.42
13:44:17:051,403,313,15,144,930,3.45
13:44:17:562,403,315,15,145,931,3.49
13:44:18:078,403,316,15,146,932,3.53
13:44:18:590,403,317,15,147,933,3.57
13:44:19:096,403,327,15,148,934,3.61
13:44:19:609,403,331,15,149,935,3.64
13:44:20:126,403,334,15,150,936,3.68
13:44:20:636,403,336,15,151,937,3.72
13:44:21:149,403,340,15,152,938,3.76
13:44:21:661,403,343,15,153,939,3.8
13:44:22:171,403,347,15,154,940,3.85
13:44:22:684,403,351,15,155,941,3.89
13:44:23:194,403,354,15,156,942,3.93
13:44:23:705,403,359,15,157,943,3.97
13:44:24:214,403,359,15,158,944,4.01
13:44:24:724,403,366,15,159,945,4.06
13:44:25:238,403,369,15,160,946,4.1
13:44:25:749,403,373,15,161,947,4.15
13:44:26:259,403,377,15,162,948,4.19
13:44:26:770,403,381,15,163,949,4.24
13:44:27:283,403,385,15,164,950,4.28
13:44:44:352,403,186,15,165,951,4.33
13:44:44:874,403,89,15,166,952,4.37
13:44:45:388,403,93,15,167,953,4.42
13:44:45:903,403,62,15,168,954,4.47
13:44:46:412,403,10,15,169,955,4.52
13:44:46:924,403,9,15,170,956,4.57
13:44:47:444,403,9,15,171,957,4.61
13:44:47:955,403,9,15,172,958,4.66
13:44:48:465,403,9,15,173,959,4.71
13:44:48:971,403,9,15,174,960,4.77
13:44:49:480,403,9,15,175,961,4.82
13:44:49:993,403,9,15,176,962,4.87
13:44:50:505,403,10,15,177,963,4.92
13:44:51:015,403,9,15,178,964,4.97
13:44:51:523,403,10,15,179,965,5.03
13:44:52:033,403,10,15,180,966,5.08
13:44:52:544,403,10,15,181,967,5.14
13:44:53:055,403,10,15,182,968,5.19
13:44:53:568,403,9,15,183,969,5.25
13:44:54:081,403,10,15,184,970,5.3
13:44:54:590,403,9,15,185,971,5.36
13:44:55:100,403,10,15,186,972,5.42
13:44:55:612,403,9,15,187,973,5.48
13:44:56:129,403,9,15,188,974,5.54
13:44:56:642,403,10,15,189,975,5.6
13:44:57:153,403,10,15,190,976,5.66
13:44:57:668,403,9,15,191,977,5.72
13:44:58:185,403,9,15,192,978,5.78
13:44:58:698,403,10,15,193,979,5.84
13:44:59:210,403,9,15,194,980,5.91
13:44:59:721,403,10,15,195,981,5.97
13:45:00:233,403,10,15,196,982,6.03
13:45:00:743,403,10,15,197,983,6.1
13:45:01:256,403,10,15,198,984,6.16
13:45:01:771,403,10,15,199,985,6.23
13:45:02:283,403,10,15,200,986,6.3
13:45:02:794,403,10,15,201,987,6.37
13:45:03:304,403,9,15,202,988,6.43
13:45:03:815,403,10,15,203,989,6.5
13:45:04:324,403,10,15,204,990,6.57
13:45:04:833,403,10,15,205,991,6.64
13:45:05:342,403,9,15,206,992,6.72
13:45:05:848,403,10,15,207,993,6.79
13:45:06:359,403,10,15,208,994,6.86
13:45:06:872,403,10,15,209,995,6.94
13:45:07:391,403,9,15,210,996,7.01
13:45:07:903,403,10,15,211,997,7.09
13:45:08:414,403,9,15,212,998,7.16
13:45:08:924,403,10,15,213,999,7.24
13:45:09:430,403,12,15,214,1000,7.32
13:45:09:941,403,10,15,215,1001,7.4
13:45:10:453,403,12,15,216,1002,7.48
13:45:10:965,403,12,15,217,1003,7.56
13:45:11:476,403,12,15,218,1004,7.64
13:45:11:988,403,12,15,219,1005,7.72
13:45:12:505,403,12,15,220,1006,7.8
13:45:13:018,403,12,15,221,1007,7.89
13:45:13:533,403,12,15,222,1008,7.97
13:45:14:050,403,12,15,223,1009,8.06
13:45:14:560,403,12,15,224,1010,8.15
13:45:15:072,403,10,15,225,1011,8.23
13:45:15:586,403,10,15,226,1012,8.32
13:45:16:097,403,12,15,227,1013,8.41
13:45:16:610,403,12,15,228,1014,8.5
13:45:17:124,403,12,15,229,1015,8.59
13:45:17:635,403,12,15,230,1016,8.69
13:45:18:151,403,12,15,231,1017,8.78
13:45:18:666,403,12,15,232,1018,8.88
13:45:19:181,403,12,15,233,1019,8.97
13:45:19:698,403,12,15,234,1020,9.07
13:45:20:207,403,12,15,235,1021,9.17
13:45:20:713,403,13,15,236,1022,9.26
13:45:21:224,403,12,15,237,1023,9.36
13:45:21:740,403,13,15,238,1024,9.47
13:45:22:252,403,14,15,239,1025,9.57
13:45:22:760,403,14,15,240,1026,9.67
